{
  "step": 13238272,
  "param_count": 1085706,
  "update": 100,
  "reward": 8.803150177001953,
  "entropy": 2.124950885772705
}